"PK","SK","AuthorID","PostID","TTLTimestamp"
"USER#4","2025-06-09T09:11:53.801251799Z","2","686ee0ff-8196-4101-846c-0310f7e3cb0c","1757236314"
"USER#4","2025-06-09T09:12:56.245835675Z","1","f8b97e9a-a286-4132-923f-37a9cb0a8b77","1757236376"
"USER#4","2025-06-09T10:58:50.521808178Z","1","6b062845-f860-4d00-b123-7a95006e0d59","1757242731"
"USER#4","2025-06-09T11:01:23.119327721Z","1","dcf9deff-ba71-4898-9bd6-be57d2b76140","1757242883"
"USER#4","2025-06-09T11:05:00.906479877Z","1","a4e929a6-cd1b-4a81-9521-da0f1aabfca9","1757243102"
"USER#4","2025-06-09T11:05:25.865029514Z","1","4e052ecc-49a6-4e2a-9859-4e6027442fad","1757243126"
"USER#4","2025-06-09T11:07:30.621570335Z","1","c9774ccf-2d06-409b-8ce3-70ea3d5833e8","1757243251"
"USER#3","2025-06-09T09:11:53.801251799Z","2","686ee0ff-8196-4101-846c-0310f7e3cb0c","1757236314"
"USER#3","2025-06-09T09:12:56.245835675Z","1","f8b97e9a-a286-4132-923f-37a9cb0a8b77","1757236376"
"USER#3","2025-06-09T10:58:50.521808178Z","1","6b062845-f860-4d00-b123-7a95006e0d59","1757242731"
"USER#3","2025-06-09T11:01:23.119327721Z","1","dcf9deff-ba71-4898-9bd6-be57d2b76140","1757242883"
"USER#3","2025-06-09T11:05:00.906479877Z","1","a4e929a6-cd1b-4a81-9521-da0f1aabfca9","1757243102"
"USER#3","2025-06-09T11:05:25.865029514Z","1","4e052ecc-49a6-4e2a-9859-4e6027442fad","1757243126"
"USER#3","2025-06-09T11:07:30.621570335Z","1","c9774ccf-2d06-409b-8ce3-70ea3d5833e8","1757243251"
"USER#6","2025-06-09T09:12:56.245835675Z","1","f8b97e9a-a286-4132-923f-37a9cb0a8b77","1757236376"
"USER#6","2025-06-09T10:58:50.521808178Z","1","6b062845-f860-4d00-b123-7a95006e0d59","1757242731"
"USER#6","2025-06-09T11:01:23.119327721Z","1","dcf9deff-ba71-4898-9bd6-be57d2b76140","1757242883"
"USER#6","2025-06-09T11:05:00.906479877Z","1","a4e929a6-cd1b-4a81-9521-da0f1aabfca9","1757243102"
"USER#6","2025-06-09T11:05:25.865029514Z","1","4e052ecc-49a6-4e2a-9859-4e6027442fad","1757243126"
"USER#6","2025-06-09T11:07:30.621570335Z","1","c9774ccf-2d06-409b-8ce3-70ea3d5833e8","1757243251"
"USER#1","2025-06-09T09:11:53.801251799Z","2","686ee0ff-8196-4101-846c-0310f7e3cb0c","1757236314"